team,team_name,number,player,position,player_id,as_of
MTL,Montréal Canadiens,8,Mike Matheson,Defense,8476875,2026-03-03
MTL,Montréal Canadiens,11,Brendan Gallagher,Right wing,8475848,2026-03-03
MTL,Montréal Canadiens,13,Cole Caufield,Right wing,8481540,2026-03-03
MTL,Montréal Canadiens,14,Nick Suzuki,Center,8480018,2026-03-03
MTL,Montréal Canadiens,15,Alex Newhook,Center,8481618,2026-03-03
MTL,Montréal Canadiens,17,Josh Anderson,Right wing,8476981,2026-03-03
MTL,Montréal Canadiens,20,Juraj Slafkovský,Left wing,8483515,2026-03-03
MTL,Montréal Canadiens,21,Kaiden Guhle,Defense,8482087,2026-03-03
MTL,Montréal Canadiens,24,Phillip Danault,Center,8476479,2026-03-03
MTL,Montréal Canadiens,35,Samuel Montembeault,Goalie,8478470,2026-03-03
MTL,Montréal Canadiens,45,Alexandre Carrier,Defense,8478851,2026-03-03
MTL,Montréal Canadiens,47,Jayden Struble,Defense,8481593,2026-03-03
MTL,Montréal Canadiens,48,Lane Hutson,Defense,8483457,2026-03-03
MTL,Montréal Canadiens,53,Noah Dobson,Defense,8480865,2026-03-03
MTL,Montréal Canadiens,71,Jake Evans,Center,8478133,2026-03-03
MTL,Montréal Canadiens,75,Jakub Dobes,Goalie,8482487,2026-03-03
MTL,Montréal Canadiens,76,Zachary Bolduc,Right wing,8482737,2026-03-03
MTL,Montréal Canadiens,77,Kirby Dach,Center,8481523,2026-03-03
MTL,Montréal Canadiens,91,Oliver Kapanen,Center,8482775,2026-03-03
MTL,Montréal Canadiens,93,Ivan Demidov,Right wing,8484984,2026-03-03
SJS,San Jose Sharks,2,Will Smith,Center,8484227,2026-03-03
SJS,San Jose Sharks,3,John Klingberg,Defense,8475906,2026-03-03
SJS,San Jose Sharks,5,Vincent Desharnais,Defense,8479576,2026-03-03
SJS,San Jose Sharks,6,Sam Dickinson,Defense,8484806,2026-03-03
SJS,San Jose Sharks,9,Dmitry Orlov,Defense,8475200,2026-03-03
SJS,San Jose Sharks,21,Alexander Wennberg,Center,8477505,2026-03-03
SJS,San Jose Sharks,23,Barclay Goodrow,Center,8476624,2026-03-03
SJS,San Jose Sharks,30,Yaroslav Askarov,Goalie,8482137,2026-03-03
SJS,San Jose Sharks,33,Alex Nedeljkovic,Goalie,8477968,2026-03-03
SJS,San Jose Sharks,38,Mario Ferraro,Defense,8479983,2026-03-03
SJS,San Jose Sharks,44,Kiefer Sherwood,Left wing,8480748,2026-03-03
SJS,San Jose Sharks,51,Collin Graf,Right wing,8484911,2026-03-03
SJS,San Jose Sharks,63,Zack Ostapchuk,Center,8482859,2026-03-03
SJS,San Jose Sharks,71,Macklin Celebrini,Center,8484801,2026-03-03
SJS,San Jose Sharks,72,William Eklund,Left wing,8482667,2026-03-03
SJS,San Jose Sharks,73,Tyler Toffoli,Center,8475726,2026-03-03
SJS,San Jose Sharks,77,Michael Misa,Center,8485402,2026-03-03
SJS,San Jose Sharks,81,Adam Gaudette,Right wing,8478874,2026-03-03
SJS,San Jose Sharks,85,Shakir Mukhamadullin,Defense,8482166,2026-03-03
SJS,San Jose Sharks,96,Philipp Kurashev,Center,8480798,2026-03-03
